"2026-03-06T21:24:17","What is the primary difference between TCP and UDP protocols in terms of reliability?","LAT:3.33s | RAM:884.77MB | CPU:12.7% | ENG: TCP (Transmission Control Protocol) provides reliable data transmission by ensuring that each packet is delivered to its destination without errors, while UDP (User Datagram Protocol) does not guarantee delivery or error correction; it can deliver packets but may not ensure their correct reception at all times. | CHN: TCP（传输控制协议）通过确保每个包都能准确到达目的地而提供可靠的数据传输，而UDP（用户数据报协议）则不保证交付或错误纠正；它可以将包发送出去，但可能不会确保所有包的正确接收。"
"2026-03-06T21:29:43","Explain the purpose of a Virtual LAN (VLAN) in a switched network.","LAT:5.15s | RAM:1310.59MB | CPU:15.3% | ENG: A Virtual Local Area Network (VLAN) in a switched network serves to divide a large network into smaller, more manageable subnets. This allows for better management and control over the network's resources, such as bandwidth allocation, security measures, and performance optimization. VLANs enable administrators to isolate different types of traffic within the same physical network segment, thereby reducing the impact of congestion on other parts of the network. Additionally, VLANs facilitate easier troubleshooting and maintenance since issues affecting one VLAN do not necessarily affect others. | CHN: 一个虚拟局域网（VLAN）在交换网络中用于将大型网络分成更小的、可管理的子网。这使得对网络资源进行更好的管理和控制，如带宽分配、安全措施和性能优化。VLAN 使管理员能够隔离同一物理网络段内的不同类型流量，从而减少其他部分网络中的拥堵影响。此外，VLAN 也便于故障排除和维护，因为不影响其他部分的故障不会直接影响到其他部分。"
"2026-03-06T21:29:59","Briefly describe the functions of the Network Layer and Data Link Layer in the OSI model.","LAT:5.85s | RAM:1829.77MB | CPU:13.7% | ENG: The Network Layer in the OSI model is responsible for routing data between different hosts on a network. It ensures that data flows correctly from one host to another based on the source IP address and port number. The Network Layer also handles addressing, which involves assigning IP addresses to devices on the network. 

The Data Link Layer, located between the Network Layer and the Physical Layer, deals with the details of how data is transmitted between nodes on the network. It includes tasks like framing, error detection, and error correction. The Data Link Layer also manages flow control and congestion control mechanisms to prevent data loss or corruption during transmission. | CHN: 网络层在OSI模型中负责将数据从一个主机传输到另一个主机。它确保数据流正确地从一个主机流向另一个主机，基于源IP地址和端口号。网络层还处理地址，涉及为网络上的设备分配IP地址。

物理层位于网络层与媒体访问控制层之间，处理如何通过网络节点传输数据的任务。包括帧的编译、错误检测和纠正等任务。物理层也管理流量控制和拥塞控制机制以防止数据丢失或损坏。"
"2026-03-06T21:30:11","How does the DHCP process work when a client joins a network?","LAT:3.45s | RAM:1622.17MB | CPU:13.1% | ENG: When a client joins a network using DHCP (Dynamic Host Configuration Protocol), it sends a request to obtain its IP address. The server responds with the IP address assigned to the client. The client then uses this IP address to communicate with other devices on the network. If the client needs to change its IP address, it can use DHCP again to assign a new IP address to the device. | CHN: 当一个客户使用DHCP（动态主机配置协议）连接到网络时，它发送请求以获得其IP地址。服务器响应并提供给客户端分配的IP地址。客户端使用这个IP地址与网络中的其他设备通信。如果客户需要更改其IP地址，可以再次使用DHCP将新的IP地址分配给该设备。"
"2026-03-06T21:32:50","What is the role of a DNS server in internet communication?","LAT:4.47s | RAM:1608.33MB | CPU:16.8% | ENG: A DNS (Domain Name System) server plays a crucial role in internet communication by mapping domain names to IP addresses. When a user types a domain name into their web browser, such as ""www.example.com,"" the DNS server translates this domain name into an IP address that the computer can use to access the website. This allows users to navigate to specific websites without needing to remember complex URLs. Additionally, DNS servers help resolve domain names to IP addresses, enabling computers to connect to remote servers and applications over the internet. | CHN: DNS（域名系统）服务器在互联网通信中起着至关重要的作用，它将域名映射到IP地址。当用户通过浏览器输入一个域名，如“www.example.com”，例如，他们就可以使用这个域名来访问网站的IP地址。这允许用户导航到特定的网站而无需记住复杂的URL。此外，DNS服务器帮助将域名转换为IP地址，使计算机能够连接到远程服务器和应用程序通过互联网。"
"2026-03-06T21:40:33","Why is HTTPS considered more secure than standard HTTP?","LAT:4.52s | RAM:1237.89MB | CPU:12.4% | ENG: HTTPS (Hypertext Transfer Protocol Secure) uses encryption to protect data during transmission between a web server and a user's browser. Encryption scrambles plain text so only authorized parties can read it. This makes it much harder for hackers to intercept or alter data before it reaches the user's browser. Standard HTTP does not provide any form of encryption, which means that even if the data is intercepted, all of it could be easily read by anyone who has access to the same server. Therefore, HTTPS provides a higher level of security compared to standard HTTP. | CHN: HTTPS（超文本传输协议安全）使用加密来保护在服务器和用户浏览器之间的数据传输。加密将明文转换为密文，只有授权的方能阅读它。这使得黑客很难拦截或修改数据到达用户的浏览器之前。标准HTTP不提供任何形式的加密，这意味着即使数据被截获，所有都很容易读取任何人拥有相同服务器的所有者。因此，HTTPS提供了与标准HTTP更高的安全性。"
"2026-03-06T21:41:49","What is a subnet mask and why is it used in IPv4 addressing?","LAT:4.19s | RAM:1226.81MB | CPU:13.3% | ENG: A subnet mask is a 32-bit binary number used to divide a network into smaller subnets within a larger network segment. It specifies how many hosts should be assigned to each subnet. The most common format is 255.255.255.0, which represents a fully configured subnet with no broadcast address. Subnet masks allow administrators to create separate networks with different requirements, ensuring that traffic from one subnet cannot reach another. | CHN: 一个子网掩码是用于将网络分成较小的子网，以便在更大的网络段中。它指定每个子网应该有多少主机。最常用的格式是 255.255.255.0，这表示一个完全配置的子网，没有广播地址。子网掩码允许管理员创建不同的网络，以满足不同的需求，确保来自一个子网的数据包不能到达另一个子网。"
"2026-03-06T21:43:00","Explain the fundamental difference between how a Router and a Switch handle data packets.","LAT:2.64s | RAM:1348.58MB | CPU:14.4% | ENG: A router handles data packets at the link layer, while a switch handles them at the network layer. In a router, data packets are forwarded based on routing tables, which determine the best path for the packet to take through the network. A switch, on the other hand, forwards data packets directly without considering routing information. | CHN: 路由器处理数据包在链路层，而交换机处理它们在网络层。在路由器中，数据包根据路由表进行转发，决定通过网络的最佳路径。而在交换机中，数据包直接转发，不考虑路由信息。"
"2026-03-06T21:44:33","How do you handle exceptions in Python using try-except blocks?","LAT:7.29s | RAM:1716.88MB | CPU:13.7% | ENG: To handle exceptions in Python using try-except blocks, you can use the `try` block to attempt executing code that might raise an exception, and the `except` block to catch and handle the exception. Here's a simple example:

```python
def divide(x, y):
    try:
        result = x / y
    except ZeroDivisionError:
        print(""Cannot divide by zero."")
    else:
        return result
```

In this example, if `y` is zero during division, a `ZeroDivisionError` will be raised, but since we have a `except` block, it will not execute and the program continues running normally. If `y` is not zero, the function returns the result of the division. This way, your program remains robust and doesn't crash due to unexpected input. | CHN: 在Python中处理异常使用try-except块，你可以使用`try`块尝试执行代码可能会引发异常的代码，并使用`except`块捕获和处理异常。以下是一个简单的例子：

```python
def divide(x, y):
    try:
        result = x / y
    except ZeroDivisionError:
        print(""不能除以零。"")
    else:
        return result
```

在这个例子中，如果`y`为0时，一个`ZeroDivisionError`将在`try`块中被捕获并打印出“不能除以零。”，但因为有`except`块，它不会被执行并且程序将继续正常运行。如果`y`不为0，则函数将返回结果的值。这样你的程序就保持了健壮性，并且不会因意外输入而崩溃。"
"2026-03-06T21:46:18","What is the difference between a Primary Key and a Foreign Key in a SQL database?","LAT:7.48s | RAM:2115.73MB | CPU:12.7% | ENG: A PRIMARY KEY (also known as UNIQUE KEY) uniquely identifies each row in a table. It must consist of one or more columns, and cannot contain duplicate values within those columns. For instance, in a student record, the primary key would include fields such as ID, NAME, and EMAIL.

A FOREIGN KEY (also known as CONSTRAINT) references another table in the same database. When a foreign key constraint is set up, it ensures that the value in the referenced column matches the value in the primary key column of the referencing table. This relationship helps maintain referential integrity in the database.

For example, consider a user table with a field called ""ID"" and a foreign key ""USER_ID"" referencing the ""ID"" field in the ""users"" table. The ""ID"" in the ""users"" table becomes a foreign key because it uniquely identifies each user in the users table. | CHN: 一个主键（也称为唯一键）唯一地标识了一个表中的每一行。它必须包含一行或多列，不能包含重复值在这些列中。例如，在学生记录中，主键包括字段如ID、姓名和电子邮件。

一个外键（也称为约束）引用另一个数据库中的同一表。当外键约束被设置时，它确保了参照列与主键列的值匹配。这种关系有助于保持数据库中的参照完整性。

例如，考虑一个用户表，其中有一个名为“ID”的字段，并且有一个外键“USER_ID”引用该表的“ID”字段。用户表中的“ID”成为外键是因为它是唯一标识每个用户的字段。"
"2026-03-06T21:48:10","What is the primary difference between TCP and UDP protocols in terms of reliability?","LAT:3.04s | RAM:1929.12MB | CPU:15.4% | ENG: TCP (Transmission Control Protocol) provides reliable data transmission over a network, ensuring that data is sent correctly and received accurately without interruptions. On the other hand, UDP (User Datagram Protocol) does not guarantee the delivery of packets reliably. It allows data to be sent quickly but may not ensure that all packets arrive at their destination on time. | CHN: TCP（传输控制协议）提供可靠的网络数据传输，确保数据正确无误地发送和接收。另一方面，UDP（用户数据报协议）不保证数据包的可靠传输。它允许快速的数据发送，但可能不会确保所有数据包在目的地到达的时间内都成功送达。"
"2026-03-06T21:48:48","Explain the purpose of a Virtual LAN (VLAN) in a switched network.","LAT:3.01s | RAM:1743.12MB | CPU:16.4% | ENG: A VIRTUAL LOCAL AREA NETWORK (VLAN) is used to divide a physical network into smaller, isolated subnets. Each VLAN operates independently and can communicate directly with other VLANs without needing to rely on a central switch. VLANs allow administrators to manage traffic within a single logical network by isolating different types of traffic based on their characteristics. | CHN: 虚拟局域网（VLAN）用于将物理网络划分为更小、隔离的子网。每个VLAN独立运行，可以直接与其他VLAN通信，无需依赖中央交换机。VLAN允许管理员在单个逻辑网络中管理不同类型的流量，根据它们的特点进行隔离。"
"2026-03-06T21:48:57","Briefly describe the functions of the Network Layer and Data Link Layer in the OSI model.","LAT:2.73s | RAM:1748.36MB | CPU:13.7% | ENG: The Network Layer in the OSI model is responsible for routing data between different hosts on a network. It uses techniques such as IP addressing and routing protocols like OSPF or BGP to determine which path should be taken to reach a destination host. The Network Layer also handles errors and congestion, ensuring that data is delivered reliably and efficiently across the network. | CHN: 网络层在OSI模型中负责将不同主机之间的数据路由到网络。它使用IP地址和路由协议如OSPF或BGP来确定到达目的地主机的路径。网络层还处理错误和拥塞，以确保数据可靠且高效地在网络上传输。"
"2026-03-06T21:50:56","How does the DHCP process work when a client joins a network?","LAT:3.29s | RAM:1717.08MB | CPU:15.7% | ENG: When a client joins a network using DHCP (Dynamic Host Configuration Protocol), it automatically configures its IP address and other network settings. The DHCP server assigns a unique IP address to the client and provides configuration parameters such as subnet mask, gateway, DNS servers, and default route. This allows the client to connect to the network without manually configuring each device individually. | CHN: 当一个客户使用DHCP（动态主机配置协议）连接到网络时，它自动配置了其IP地址和其他网络设置。DHCP服务器为客户提供唯一的IP地址，并提供配置参数，如子网掩码、网关、DNS服务器和默认路由等信息。这允许客户轻松地连接到网络，而无需手动配置每个设备。"
"2026-03-06T21:51:04","What is the role of a DNS server in internet communication?","LAT:4.4s | RAM:1937.91MB | CPU:12.2% | ENG: A DNS (Domain Name System) server plays a crucial role in internet communication by translating domain names into IP addresses and vice versa. When a user types a domain name into their web browser, the DNS server maps this domain name to an IP address assigned to that domain. This mapping allows users to access websites hosted on those domains through their local computer's IP address. Additionally, DNS helps in resolving queries about specific resources within a domain, such as email addresses, URLs, and file locations, making it easier for users to find information online. | CHN: DNS（域名系统）服务器在互联网通信中起着至关重要的作用，它将域名翻译成IP地址，并且反过来。当用户通过浏览器输入一个域名时，DNS服务器将其映射到该域名的IP地址。这个映射允许用户通过自己的本地计算机的IP地址访问那些域名上的网站。此外，DNS帮助解决特定资源在域名内的查询，例如电子邮件地址、URL和文件位置等，使得用户更容易在网上找到信息。"
"2026-03-06T21:59:46","Why is HTTPS considered more secure than standard HTTP?","LAT:3.25s | RAM:872.92MB | CPU:20.5% | ENG: HTTPS uses encryption to protect data transmitted between the client and server, ensuring that only the intended recipient can read the message. This prevents eavesdropping and tampering, which are common security threats in traditional HTTP. Additionally, HTTPS employs SSL/TLS protocols, which provide end-to-end encrypted connections, adding another layer of protection against unauthorized access. | CHN: HTTPS 使用加密技术保护客户端和服务器之间的数据传输，确保只有目标接收者可以读取消息。这防止了传统HTTP中的窃听和篡改，这是常见的网络安全威胁。此外，HTTPS 采用 SSL/TLS 协议，提供端到端的加密连接，增加了对未经授权访问的额外层保护。"
"2026-03-06T22:00:36","What is a subnet mask and why is it used in IPv4 addressing?","LAT:5.03s | RAM:1397.8MB | CPU:14.7% | ENG: A subnet mask is a binary number used to divide a network into smaller subnets. It specifies how many bits should be set to 1 in each octet of an IP address, indicating whether the corresponding bit is active or inactive. For example, a subnet mask with a subnet ID of 255.255.0.0 would create two subnets: one with all bits set to 1 (broadcast), and another with all bits set to 0 (default). This division helps in managing network resources efficiently, allowing devices to connect to different networks without conflicts. | CHN: 一个子网掩码是用于将网络分成更小的子网。它指定每个IP地址中的多少位应设置为1，表示该比特是否活跃或不活跃。例如，具有子网ID为255.255.0.0的子网掩码可以创建两个子网：一个包含所有位都设置为1（广播），另一个包含所有位都设置为0（默认）。这种划分有助于有效地管理网络资源，使设备能够连接到不同的网络而不会产生冲突。"
"2026-03-06T22:00:44","Explain the fundamental difference between how a Router and a Switch handle data packets.","LAT:1.34s | RAM:1505.53MB | CPU:20.5% | ENG: A router handles data packets by forwarding them based on routing tables, while a switch forwards them based on MAC addresses. | CHN: 路由器根据路由表转发数据包，而交换机则基于MAC地址转发数据包。"
"2026-03-06T22:00:55","How do you handle exceptions in Python using try-except blocks?","LAT:3.69s | RAM:1604.72MB | CPU:17.6% | ENG: In Python, you can handle exceptions using try-except blocks. The try block contains code that may raise an exception, and the except block catches those exceptions and executes the code inside it. If an exception occurs within the try block, it will be caught by the except block, which then executes the code inside the except block. This allows your program to continue running even if an error occurs, as long as there's no else clause in the except block. | CHN: 在Python中，你可以使用try-except块来处理异常。try块包含可能引发异常的代码，而except块捕获这些异常，并执行其中的代码。如果try块内发生异常，它将被catch，然后由except块执行其内部代码。这样，你的程序即使在遇到错误时也能继续运行，只要except块没有else语句。"
"2026-03-06T22:01:02","What is the difference between a Primary Key and a Foreign Key in a SQL database?","LAT:3.8s | RAM:1671.23MB | CPU:12.6% | ENG: A PRIMARY KEY (or UNIQUE KEY) in a SQL database uniquely identifies each row in a table. It must have unique values across all columns of the table. A FOREIGN KEY (or CONSTRAINT) in a SQL database links a column or set of columns in one table to a column or set of columns in another table. When a FOREIGN KEY constraint is applied, any changes made to the referenced column(s) must match the corresponding values in the referencing table(s). | CHN: 主键（或唯一键）在SQL数据库中唯一地标识了表中的每一行。它必须具有唯一的值，覆盖所有表中的列。在SQL数据库中，一个外键（或约束）链接了一个表中的某个列或集合到另一个表中的某个列或集合。当外键约束被应用时，对引用的列（或集）所做的任何更改都必须与相关的值匹配。"
"2026-03-10T18:38:46","Explain VLAN in networking","LAT:6.19s | RAM:1053.06MB | CPU:16.5% | ENG: VLAN (Virtual Local Area Network) is a network segmentation technique that divides a physical network into multiple virtual networks, each with its own set of resources and protocols. In this context, VLANs allow devices within the same VLAN to communicate over different network segments without interfering with each other. Each VLAN operates on a separate broadcast domain, ensuring that data packets from one VLAN do not interfere with those from another. This helps in managing traffic across different network segments, improving network efficiency and security. For example, VLANs can be used to segment a corporate network into smaller, more manageable subnets, allowing for better management and easier troubleshooting. | CHN: VLAN（虚拟局域网）是一种网络分段技术，将物理网络分成多个虚拟网络，每个虚拟网络都有自己的资源和协议。在这个场景中，VLAN 使在同一VLAN内的设备能够通过不同的网络子网进行通信而不相互干扰。每个VLAN 在各自的广播域内运行，确保来自同一VLAN的数据包不会与来自其他VLAN的产生冲突。这有助于在不同网络子网之间管理流量，并提高网络效率和安全性。例如，在企业网络中，VLAN 可以用于将大型公司网络划分为更小、更容易管理的子网，从而更好地管理和简化故障排查。"
"2026-03-10T18:39:47","Explain VLAN in networking","LAT:17.85s | RAM:2000.59MB | CPU:14.6% | ENG: VLAN (Virtual Local Area Network) is a network segmentation technique used to divide a large network into smaller, manageable segments that can be managed and protected independently. In a traditional LAN, all devices within the same subnet share the same broadcast domain, which means they can communicate with each other over the internet. However, if there's a need to limit the number of devices on a network or to create separate networks for different purposes, VLANs come in handy.

To implement VLANs, you typically use a switch or router as the gateway between the VLANs and the Internet. Each device connected to the switch or router has its own VLAN, and these VLANs are assigned unique identifiers called VLAN IDs. When a device wants to connect to another device in a different VLAN, it needs to be tagged with a VLAN ID before being allowed to join the network.

For example, let's say you have three computers A, B, and C connected to a switch. Computer A belongs to VLAN 10, computer B belongs to VLAN 20, and computer C belongs to VLAN 30. If you want to allow computer D to join the network by connecting to computer A, you would assign VLAN 10 to computer D. This way, only computers in VLAN 10 can communicate with each other, while computers in other VLANs can't directly access them.

VLANs also provide features such as traffic filtering, security measures, and resource management. For instance, you can configure VLANs to block certain types of traffic from entering or leaving the network, ensuring that sensitive data doesn't get lost. Additionally, VLANs can help manage resources more efficiently by allowing specific users to access certain parts of the network without affecting others.

In summary, VLANs are essential tools in modern networking that enable administrators to control and protect their network infrastructure effectively. By using VLANs, organizations can improve performance, security, and scalability of their networks. | CHN: VLAN（虚拟局域网）是一种网络分段技术，用于将一个大型网络分成较小、易于管理的子集，这些子集可以独立地管理和保护。在传统的局域网上，所有设备在同一子网中共享广播域，这意味着它们可以通过互联网与Internet通信。然而，在需要限制网络上的设备数量或为不同的用途创建单独网络的情况下，VLAN变得有用。

要实现VLAN，通常使用交换机或路由器作为连接VLAN和互联网的中间点。每个连接到交换机或路由器的设备都有自己的VLAN，并且这些VLAN由具有独特标识符的VLAN ID来分配。当想要连接到另一个VLAN中的设备时，该设备需要被标记以允许加入网络。

例如，假设你有三个计算机A、B和C连接到交换机。计算机A属于VLAN 10，计算机B属于VLAN 20，而计算机C属于VLAN 30。如果你想让计算机D能够通过连接到计算机A的方式加入网络，你需要将VLAN 10分配给计算机D。这样，只有在VLAN 10内才能进行通信，而在其他VLAN内则无法直接访问。

VLAN还提供了诸如流量过滤、安全措施和资源管理等功能。例如，你可以根据需要对进入或离开网络的数据流进行配置，确保敏感数据不会丢失。此外，VLAN还可以帮助管理员更有效地管理资源，因为特定用户可以访问某些部分的网络，而不会影响其他人。

总结来说，VLAN是现代网络的关键工具，使管理者能够有效地控制和保护其基础设施。通过使用VLAN，组织可以提高性能、增强安全性以及优化网络的可扩展性。"
"2026-03-18T22:28:03","Explain VLAN in networking","LAT:8.42s | RAM:663.19MB | CPU:21.0% | ENG: VLAN (Virtual Local Area Network) is a network segmentation technique used to divide a large, interconnected network into smaller, more manageable segments. Each VLAN operates on its own broadcast domain and can communicate with other VLANs without needing to share a common network interface. This allows for better management of resources within each VLAN, such as limiting access to certain services or devices based on their role within the network. VLANs are commonly used in enterprise networks, data centers, and home networks where centralized management and security are required. | CHN: VLAN（虚拟局域网）是一种网络分段技术，用于将一个大、互联的网络分成更小、可管理的子集。每个VLAN 在自己的广播域内运行，并且可以与其他VLAN 通信，而无需共享公共网络接口。这使得每个VLAN 能够更好地管理和资源，例如根据其在网络中的角色限制访问某些服务或设备。VLAN 常见于企业网络、数据中心和家庭网络等需要集中管理和服务安全的企业环境中。"
"2026-03-18T22:28:51","Explain VLAN in networking","LAT:5.71s | RAM:884.77MB | CPU:30.0% | ENG: VLAN (Virtual Local Area Network) is a network segmentation technique used to divide a large network into smaller, manageable subnets. In this method, each VLAN operates on its own set of protocols and data encapsulation standards, allowing devices within the same VLAN to communicate with each other without interfering with those outside their respective VLANs. This separation helps in managing traffic across different networks and ensures that all devices connected to the same VLAN operate within the same security and performance constraints. VLANs enable efficient use of resources by isolating broadcast domains and reducing the impact of packet loss or collisions. | CHN: VLAN（虚拟局域网）是一种网络分段技术，用于将一个大型网络分成较小的可管理子网。在该方法中，每个VLAN运行其自己的协议和数据封装标准，使得位于同一VLAN内的设备能够互相通信而不干扰位于不同VLAN中的其他设备。这种分离有助于在不同的网络之间管理和处理流量，并确保所有连接到同一VLAN的设备都遵循相同的安全和性能约束。VLAN通过隔离广播域来减少因丢失或碰撞而导致的包丢失或碰撞的影响。"
"2026-03-24T10:57:35","Explain VLAN in networking","LAT:5.73s | RAM:1108.64MB | CPU:18.6% | ENG: VLAN (Virtual Local Area Network) is a network segmentation technique that divides a physical network into virtual subnets, each with its own set of IP addresses and subnet masks. This allows different types of devices to connect within a single logical network segment while maintaining isolation between them. Each VLAN can have its own broadcast domain, which means that broadcasts from one VLAN cannot reach another VLAN unless they originate from the same device or through a gateway on the boundary router. VLANs enable efficient management of network traffic by isolating devices based on their functionality and security requirements. | CHN: VLAN（虚拟局域网）是一种网络分段技术，将物理网络分为虚拟子网，每个子网都有自己的IP地址和子网掩码。这允许在同一逻辑网络段内连接不同类型的设备，并保持它们之间的隔离性。每个VLAN有自己的广播域，这意味着来自一个VLAN的广播不能到达另一个VLAN，除非它源自同一设备或通过边界路由器上的代理。VLAN 有助于高效地管理网络流量，根据功能和安全需求对设备进行分类。"
"2026-03-24T10:58:07","what","LAT:0.78s | RAM:1169.66MB | CPU:13.8% | ENG: I'm ready to help! What would you like me to answer? | CHN: 我准备帮助！你想要我回答什么问题吗？"
"2026-03-24T10:58:15","what is http?","LAT:1.87s | RAM:1330.66MB | CPU:10.3% | ENG: HTTP stands for Hypertext Transfer Protocol, which is a standard protocol used for transferring data over the internet. It allows web browsers and other applications to communicate with servers and retrieve or modify content on a website. | CHN: HTTP 是一种标准协议，用于在互联网上传输数据。它允许浏览器和其他应用程序与服务器进行通信，并从网站上检索或修改内容。"
"2026-03-24T11:19:53","what is TCP?","LAT:3.33s | RAM:900.66MB | CPU:12.8% | ENG: TCP (Transmission Control Protocol) is a communication protocol that enables reliable and efficient transfer of data between two endpoints. It provides mechanisms such as connection establishment, data transmission, error detection, and flow control to ensure that data is transmitted correctly and efficiently across a network. TCP operates at the application layer of the OSI model and is responsible for managing the flow of data packets between different systems. | CHN: TCP（传输控制协议）是一种用于在两个端点之间可靠和高效地传输数据的通信协议。它提供了建立连接、数据传输、错误检测和流量控制等机制，以确保数据正确无误地在网络中传输。TCP 在OSI 模型的应用层负责管理不同系统之间的数据包流。"
"2026-03-24T11:20:18","what is the difference between UDP?","LAT:7.73s | RAM:1470.3MB | CPU:13.2% | ENG: UDP (User Datagram Protocol) is a lightweight transport protocol designed for transmitting small amounts of data without requiring complex end-to-end control. Unlike TCP, which uses a more robust mechanism for ensuring reliability and order, UDP relies solely on the sender's ability to send data reliably. This makes it suitable for scenarios where low latency and minimal overhead are required, such as real-time applications like VoIP or instant messaging. However, UDP does not provide any guarantees about data integrity or availability, making it less secure than TCP in terms of data confidentiality. | CHN: UDP（用户数据报协议）是一种轻量级的传输协议，用于在不依赖于端到端控制的情况下传输少量的数据。与TCP相比，UDP仅依靠发送方可靠地发送数据的能力来确保可靠性。这使得它适合需要低延迟和最小开销的应用场景，如实时应用如VoIP或即时消息。然而，UDP没有提供任何关于数据完整性或可用性的保证，使其比TCP更不安全。

UDP的主要特点包括：

1. **无连接性**：UDP使用简单的三次握手机制，无需建立持久的连接。
2. **简单可靠**：通过发送方的可靠性和顺序性，UDP能够实现高效的数据传输。
3. **较低延迟**：由于不需要复杂的网络管理，UDP通常具有更低的延迟。
4. **较小的开销**：相比于TCP，UDP的开销相对较小。

尽管如此，UDP仍然存在一些限制。例如，它不能提供数据完整性或可用性保证，这对于需要高数据保密性的应用程序来说是不利的。因此，在某些情况下，可能需要结合TCP和其他安全措施来提高整体的安全性。"
"2026-03-24T23:27:48","solve subnetting exam question","LAT:12.54s | RAM:1402.81MB | CPU:14.2% | ENG: Certainly! To solve subnetting exam questions, follow these steps:

1. **Understand the Basics**: Make sure you understand what subnetting means and how it works. Subnetting involves dividing a large network into smaller subnets based on their IP address range.

2. **Identify the Problem**: Clearly define the problem statement provided in the exam question. Identify the specific requirements or constraints given.

3. **Gather Relevant Information**: Collect all necessary information from the question. This includes the network size, the desired number of subnets, and the IP addresses involved.

4. **Plan Your Solution**: Develop a plan to solve the problem. Consider various approaches and choose the most appropriate one based on the available resources and constraints.

5. **Implement the Plan**: Execute your solution step-by-step according to the outlined plan. Be prepared to troubleshoot if needed during execution.

6. **Review and Verify**: Review your work thoroughly to ensure accuracy and completeness. Check for any errors or omissions in your calculations or logic.

7. **Submit the Solution**: Once satisfied with your solution, submit it along with all supporting documents, including any relevant code snippets or diagrams.

By following these steps, you can effectively tackle subnetting exam questions and demonstrate your understanding of the topic. | CHN: 当然！解决网络分段考试题目，可以按照以下步骤进行：

1. **理解基础概念**：确保你了解什么是网络分段和如何工作。网络分段涉及将大型网络分成较小的子网，基于它们的IP地址范围。

2. **明确问题**：清晰地定义在题目的问题陈述中提供的具体要求或约束条件。

3. **收集相关信息**：从题目的描述中收集所有必要的信息。包括网络大小、所需的子网数量以及涉及到的IP地址。

4. **制定解决方案**：根据可用资源和约束条件，制定解决问题的计划。考虑各种方法，并选择最合适的方案。

5. **实施计划**：按照所定的计划执行你的解决方案。准备好在执行过程中遇到任何错误或遗漏时进行调试。

6. **审查并验证**：仔细审查你的工作，确保准确性与完整度。检查是否有任何计算或逻辑上的错误或遗漏。

7. **提交解决方案**：一旦满意于你的解决方案，提交它同时附带所有的支持文档，如相关的代码片段或图表等。

通过遵循这些步骤，你可以有效地应对网络分段考试题目，并展示对这个主题的理解。"
